"","year","Event.State","count"
"1",1978,"AK",176
"2",1978,"AL",25
"3",1978,"AR",44
"4",1978,"AZ",70
"5",1978,"CA",512
"6",1978,"CO",109
"7",1978,"CT",62
"8",1978,"DE",11
"9",1978,"FL",218
"10",1978,"GA",75
"11",1978,"HI",37
"12",1978,"IA",84
"13",1978,"ID",53
"14",1978,"IL",237
"15",1978,"IN",116
"16",1978,"KS",87
"17",1978,"KY",47
"18",1978,"LA",96
"19",1978,"MA",206
"20",1978,"MD",60
"21",1978,"ME",35
"22",1978,"MI",176
"23",1978,"MN",87
"24",1978,"MO",141
"25",1978,"MS",34
"26",1978,"MT",44
"27",1978,"NC",94
"28",1978,"ND",26
"29",1978,"NE",62
"30",1978,"NH",25
"31",1978,"NJ",92
"32",1978,"NM",48
"33",1978,"NV",49
"34",1978,"NY",286
"35",1978,"OH",181
"36",1978,"OK",83
"37",1978,"OR",75
"38",1978,"PA",157
"39",1978,"RI",15
"40",1978,"SC",42
"41",1978,"SD",33
"42",1978,"TN",50
"43",1978,"TX",373
"44",1978,"UT",36
"45",1978,"VA",88
"46",1978,"VT",10
"47",1978,"WA",99
"48",1978,"WI",70
"49",1978,"WV",29
"50",1978,"WY",27
"51",1979,"AK",153
"52",1979,"AL",41
"53",1979,"AR",57
"54",1979,"AZ",77
"55",1979,"CA",539
"56",1979,"CO",139
"57",1979,"CT",70
"58",1979,"DE",6
"59",1979,"FL",195
"60",1979,"GA",72
"61",1979,"HI",37
"62",1979,"IA",69
"63",1979,"ID",45
"64",1979,"IL",288
"65",1979,"IN",84
"66",1979,"KS",65
"67",1979,"KY",61
"68",1979,"LA",85
"69",1979,"MA",183
"70",1979,"MD",43
"71",1979,"ME",24
"72",1979,"MI",190
"73",1979,"MN",92
"74",1979,"MO",107
"75",1979,"MS",41
"76",1979,"MT",48
"77",1979,"NC",77
"78",1979,"ND",27
"79",1979,"NE",47
"80",1979,"NH",24
"81",1979,"NJ",70
"82",1979,"NM",48
"83",1979,"NV",50
"84",1979,"NY",300
"85",1979,"OH",159
"86",1979,"OK",96
"87",1979,"OR",56
"88",1979,"PA",174
"89",1979,"RI",12
"90",1979,"SC",26
"91",1979,"SD",30
"92",1979,"TN",47
"93",1979,"TX",395
"94",1979,"UT",53
"95",1979,"VA",90
"96",1979,"VT",8
"97",1979,"WA",94
"98",1979,"WI",53
"99",1979,"WV",26
"100",1979,"WY",48
"101",1980,"AK",136
"102",1980,"AL",27
"103",1980,"AR",41
"104",1980,"AZ",92
"105",1980,"CA",485
"106",1980,"CO",111
"107",1980,"CT",39
"108",1980,"DE",10
"109",1980,"FL",194
"110",1980,"GA",82
"111",1980,"HI",29
"112",1980,"IA",44
"113",1980,"ID",39
"114",1980,"IL",370
"115",1980,"IN",87
"116",1980,"KS",65
"117",1980,"KY",44
"118",1980,"LA",134
"119",1980,"MA",123
"120",1980,"MD",57
"121",1980,"ME",27
"122",1980,"MI",154
"123",1980,"MN",62
"124",1980,"MO",108
"125",1980,"MS",41
"126",1980,"MT",27
"127",1980,"NC",68
"128",1980,"ND",21
"129",1980,"NE",52
"130",1980,"NH",17
"131",1980,"NJ",63
"132",1980,"NM",58
"133",1980,"NV",64
"134",1980,"NY",240
"135",1980,"OH",140
"136",1980,"OK",73
"137",1980,"OR",67
"138",1980,"PA",147
"139",1980,"RI",13
"140",1980,"SC",33
"141",1980,"SD",31
"142",1980,"TN",45
"143",1980,"TX",451
"144",1980,"UT",56
"145",1980,"VA",75
"146",1980,"VT",6
"147",1980,"WA",75
"148",1980,"WI",62
"149",1980,"WV",32
"150",1980,"WY",36
"151",1981,"AK",113
"152",1981,"AL",23
"153",1981,"AR",36
"154",1981,"AZ",99
"155",1981,"CA",402
"156",1981,"CO",113
"157",1981,"CT",39
"158",1981,"DE",10
"159",1981,"FL",183
"160",1981,"GA",61
"161",1981,"HI",38
"162",1981,"IA",52
"163",1981,"ID",30
"164",1981,"IL",272
"165",1981,"IN",91
"166",1981,"KS",37
"167",1981,"KY",26
"168",1981,"LA",88
"169",1981,"MA",84
"170",1981,"MD",56
"171",1981,"ME",24
"172",1981,"MI",131
"173",1981,"MN",49
"174",1981,"MO",110
"175",1981,"MS",35
"176",1981,"MT",25
"177",1981,"NC",55
"178",1981,"ND",16
"179",1981,"NE",54
"180",1981,"NH",19
"181",1981,"NJ",70
"182",1981,"NM",66
"183",1981,"NV",41
"184",1981,"NY",184
"185",1981,"OH",124
"186",1981,"OK",70
"187",1981,"OR",47
"188",1981,"PA",128
"189",1981,"RI",19
"190",1981,"SC",41
"191",1981,"SD",25
"192",1981,"TN",35
"193",1981,"TX",359
"194",1981,"UT",47
"195",1981,"VA",63
"196",1981,"VT",5
"197",1981,"WA",75
"198",1981,"WI",57
"199",1981,"WV",29
"200",1981,"WY",49
"201",1982,"AK",74
"202",1982,"AL",30
"203",1982,"AR",23
"204",1982,"AZ",81
"205",1982,"CA",360
"206",1982,"CO",76
"207",1982,"CT",28
"208",1982,"DE",8
"209",1982,"FL",147
"210",1982,"GA",53
"211",1982,"HI",25
"212",1982,"IA",49
"213",1982,"ID",37
"214",1982,"IL",149
"215",1982,"IN",69
"216",1982,"KS",44
"217",1982,"KY",15
"218",1982,"LA",58
"219",1982,"MA",74
"220",1982,"MD",26
"221",1982,"ME",23
"222",1982,"MI",107
"223",1982,"MN",47
"224",1982,"MO",58
"225",1982,"MS",24
"226",1982,"MT",16
"227",1982,"NC",55
"228",1982,"ND",11
"229",1982,"NE",41
"230",1982,"NH",7
"231",1982,"NJ",38
"232",1982,"NM",46
"233",1982,"NV",32
"234",1982,"NY",131
"235",1982,"OH",76
"236",1982,"OK",56
"237",1982,"OR",43
"238",1982,"PA",98
"239",1982,"RI",11
"240",1982,"SC",19
"241",1982,"SD",18
"242",1982,"TN",35
"243",1982,"TX",319
"244",1982,"UT",43
"245",1982,"VA",36
"246",1982,"VT",5
"247",1982,"WA",36
"248",1982,"WI",55
"249",1982,"WV",15
"250",1982,"WY",35
"251",1983,"AK",76
"252",1983,"AL",19
"253",1983,"AR",25
"254",1983,"AZ",44
"255",1983,"CA",308
"256",1983,"CO",92
"257",1983,"CT",27
"258",1983,"DE",5
"259",1983,"FL",143
"260",1983,"GA",48
"261",1983,"HI",19
"262",1983,"IA",24
"263",1983,"ID",23
"264",1983,"IL",135
"265",1983,"IN",65
"266",1983,"KS",29
"267",1983,"KY",23
"268",1983,"LA",48
"269",1983,"MA",92
"270",1983,"MD",42
"271",1983,"ME",14
"272",1983,"MI",102
"273",1983,"MN",52
"274",1983,"MO",48
"275",1983,"MS",29
"276",1983,"MT",25
"277",1983,"NC",48
"278",1983,"ND",13
"279",1983,"NE",30
"280",1983,"NH",10
"281",1983,"NJ",36
"282",1983,"NM",35
"283",1983,"NV",39
"284",1983,"NY",174
"285",1983,"OH",86
"286",1983,"OK",68
"287",1983,"OR",32
"288",1983,"PA",69
"289",1983,"RI",5
"290",1983,"SC",22
"291",1983,"SD",21
"292",1983,"TN",29
"293",1983,"TX",298
"294",1983,"UT",47
"295",1983,"VA",41
"296",1983,"VT",9
"297",1983,"WA",51
"298",1983,"WI",33
"299",1983,"WV",25
"300",1983,"WY",32
"301",1984,"AK",81
"302",1984,"AL",35
"303",1984,"AR",30
"304",1984,"AZ",73
"305",1984,"CA",349
"306",1984,"CO",64
"307",1984,"CT",34
"308",1984,"DE",3
"309",1984,"FL",136
"310",1984,"GA",52
"311",1984,"HI",13
"312",1984,"IA",30
"313",1984,"ID",21
"314",1984,"IL",175
"315",1984,"IN",71
"316",1984,"KS",35
"317",1984,"KY",30
"318",1984,"LA",58
"319",1984,"MA",59
"320",1984,"MD",25
"321",1984,"ME",30
"322",1984,"MI",90
"323",1984,"MN",39
"324",1984,"MO",65
"325",1984,"MS",15
"326",1984,"MT",18
"327",1984,"NC",45
"328",1984,"ND",11
"329",1984,"NE",27
"330",1984,"NH",11
"331",1984,"NJ",25
"332",1984,"NM",47
"333",1984,"NV",32
"334",1984,"NY",150
"335",1984,"OH",92
"336",1984,"OK",48
"337",1984,"OR",30
"338",1984,"PA",76
"339",1984,"RI",8
"340",1984,"SC",24
"341",1984,"SD",31
"342",1984,"TN",36
"343",1984,"TX",283
"344",1984,"UT",46
"345",1984,"VA",42
"346",1984,"VT",8
"347",1984,"WA",56
"348",1984,"WI",63
"349",1984,"WV",25
"350",1984,"WY",23
"351",1985,"AK",133
"352",1985,"AL",35
"353",1985,"AR",32
"354",1985,"AZ",66
"355",1985,"CA",363
"356",1985,"CO",82
"357",1985,"CT",37
"358",1985,"FL",139
"359",1985,"GA",52
"360",1985,"HI",9
"361",1985,"IA",33
"362",1985,"ID",24
"363",1985,"IL",215
"364",1985,"IN",87
"365",1985,"KS",47
"366",1985,"KY",24
"367",1985,"LA",74
"368",1985,"MA",78
"369",1985,"MD",22
"370",1985,"ME",38
"371",1985,"MI",144
"372",1985,"MN",64
"373",1985,"MO",129
"374",1985,"MS",14
"375",1985,"MT",34
"376",1985,"NC",45
"377",1985,"ND",15
"378",1985,"NE",57
"379",1985,"NH",13
"380",1985,"NJ",27
"381",1985,"NM",39
"382",1985,"NV",44
"383",1985,"NY",140
"384",1985,"OH",94
"385",1985,"OK",61
"386",1985,"OR",33
"387",1985,"PA",66
"388",1985,"RI",8
"389",1985,"SC",32
"390",1985,"SD",25
"391",1985,"TN",44
"392",1985,"TX",259
"393",1985,"UT",37
"394",1985,"VA",33
"395",1985,"VT",6
"396",1985,"WA",53
"397",1985,"WI",68
"398",1985,"WV",39
"399",1985,"WY",22
"400",1986,"AK",147
"401",1986,"AL",31
"402",1986,"AR",37
"403",1986,"AZ",79
"404",1986,"CA",375
"405",1986,"CO",83
"406",1986,"CT",31
"407",1986,"DE",3
"408",1986,"FL",161
"409",1986,"GA",78
"410",1986,"HI",12
"411",1986,"IA",50
"412",1986,"ID",20
"413",1986,"IL",150
"414",1986,"IN",88
"415",1986,"KS",44
"416",1986,"KY",25
"417",1986,"LA",53
"418",1986,"MA",51
"419",1986,"MD",25
"420",1986,"ME",29
"421",1986,"MI",116
"422",1986,"MN",73
"423",1986,"MO",219
"424",1986,"MS",18
"425",1986,"MT",48
"426",1986,"NC",40
"427",1986,"ND",15
"428",1986,"NE",58
"429",1986,"NH",18
"430",1986,"NJ",43
"431",1986,"NM",43
"432",1986,"NV",70
"433",1986,"NY",157
"434",1986,"OH",92
"435",1986,"OK",56
"436",1986,"OR",45
"437",1986,"PA",104
"438",1986,"RI",13
"439",1986,"SC",35
"440",1986,"SD",20
"441",1986,"TN",85
"442",1986,"TX",239
"443",1986,"UT",32
"444",1986,"VA",52
"445",1986,"VT",11
"446",1986,"WA",51
"447",1986,"WI",58
"448",1986,"WV",35
"449",1986,"WY",20
"450",1987,"AK",166
"451",1987,"AL",17
"452",1987,"AR",28
"453",1987,"AZ",75
"454",1987,"CA",411
"455",1987,"CO",55
"456",1987,"CT",29
"457",1987,"DE",4
"458",1987,"FL",166
"459",1987,"GA",54
"460",1987,"HI",21
"461",1987,"IA",42
"462",1987,"ID",23
"463",1987,"IL",116
"464",1987,"IN",67
"465",1987,"KS",42
"466",1987,"KY",21
"467",1987,"LA",63
"468",1987,"MA",58
"469",1987,"MD",41
"470",1987,"ME",23
"471",1987,"MI",93
"472",1987,"MN",54
"473",1987,"MO",201
"474",1987,"MS",18
"475",1987,"MT",57
"476",1987,"NC",52
"477",1987,"ND",7
"478",1987,"NE",25
"479",1987,"NH",22
"480",1987,"NJ",62
"481",1987,"NM",52
"482",1987,"NV",54
"483",1987,"NY",180
"484",1987,"OH",106
"485",1987,"OK",63
"486",1987,"OR",22
"487",1987,"PA",128
"488",1987,"RI",8
"489",1987,"SC",35
"490",1987,"SD",23
"491",1987,"TN",104
"492",1987,"TX",229
"493",1987,"UT",49
"494",1987,"VA",53
"495",1987,"VT",7
"496",1987,"WA",53
"497",1987,"WI",64
"498",1987,"WV",46
"499",1987,"WY",26
"500",1988,"AK",157
"501",1988,"AL",37
"502",1988,"AR",36
"503",1988,"AZ",98
"504",1988,"CA",398
"505",1988,"CO",81
"506",1988,"CT",19
"507",1988,"DE",4
"508",1988,"FL",197
"509",1988,"GA",79
"510",1988,"HI",37
"511",1988,"IA",48
"512",1988,"ID",24
"513",1988,"IL",124
"514",1988,"IN",104
"515",1988,"KS",44
"516",1988,"KY",26
"517",1988,"LA",71
"518",1988,"MA",69
"519",1988,"MD",32
"520",1988,"ME",26
"521",1988,"MI",102
"522",1988,"MN",62
"523",1988,"MO",189
"524",1988,"MS",26
"525",1988,"MT",68
"526",1988,"NC",69
"527",1988,"ND",16
"528",1988,"NE",47
"529",1988,"NH",29
"530",1988,"NJ",83
"531",1988,"NM",49
"532",1988,"NV",52
"533",1988,"NY",235
"534",1988,"OH",142
"535",1988,"OK",71
"536",1988,"OR",41
"537",1988,"PA",121
"538",1988,"RI",4
"539",1988,"SC",46
"540",1988,"SD",30
"541",1988,"TN",76
"542",1988,"TX",279
"543",1988,"UT",51
"544",1988,"VA",47
"545",1988,"VT",3
"546",1988,"WA",64
"547",1988,"WI",78
"548",1988,"WV",47
"549",1988,"WY",15
"550",1989,"AK",157
"551",1989,"AL",31
"552",1989,"AR",42
"553",1989,"AZ",97
"554",1989,"CA",407
"555",1989,"CO",76
"556",1989,"CT",36
"557",1989,"DE",9
"558",1989,"FL",246
"559",1989,"GA",68
"560",1989,"HI",55
"561",1989,"IA",73
"562",1989,"ID",20
"563",1989,"IL",89
"564",1989,"IN",74
"565",1989,"KS",52
"566",1989,"KY",35
"567",1989,"LA",77
"568",1989,"MA",65
"569",1989,"MD",41
"570",1989,"ME",54
"571",1989,"MI",82
"572",1989,"MN",68
"573",1989,"MO",108
"574",1989,"MS",33
"575",1989,"MT",85
"576",1989,"NC",58
"577",1989,"ND",18
"578",1989,"NE",43
"579",1989,"NH",43
"580",1989,"NJ",48
"581",1989,"NM",55
"582",1989,"NV",60
"583",1989,"NY",244
"584",1989,"OH",140
"585",1989,"OK",56
"586",1989,"OR",53
"587",1989,"PA",157
"588",1989,"RI",17
"589",1989,"SC",45
"590",1989,"SD",23
"591",1989,"TN",45
"592",1989,"TX",295
"593",1989,"UT",43
"594",1989,"VA",36
"595",1989,"VT",10
"596",1989,"WA",71
"597",1989,"WI",46
"598",1989,"WV",30
"599",1989,"WY",14
"600",1990,"AK",127
"601",1990,"AL",34
"602",1990,"AR",37
"603",1990,"AZ",75
"604",1990,"CA",405
"605",1990,"CO",92
"606",1990,"CT",19
"607",1990,"DE",8
"608",1990,"FL",221
"609",1990,"GA",94
"610",1990,"HI",34
"611",1990,"IA",78
"612",1990,"ID",26
"613",1990,"IL",119
"614",1990,"IN",89
"615",1990,"KS",60
"616",1990,"KY",50
"617",1990,"LA",70
"618",1990,"MA",53
"619",1990,"MD",44
"620",1990,"ME",21
"621",1990,"MI",97
"622",1990,"MN",61
"623",1990,"MO",101
"624",1990,"MS",37
"625",1990,"MT",42
"626",1990,"NC",80
"627",1990,"ND",15
"628",1990,"NE",36
"629",1990,"NH",22
"630",1990,"NJ",76
"631",1990,"NM",46
"632",1990,"NV",57
"633",1990,"NY",317
"634",1990,"OH",132
"635",1990,"OK",44
"636",1990,"OR",72
"637",1990,"PA",187
"638",1990,"RI",4
"639",1990,"SC",36
"640",1990,"SD",26
"641",1990,"TN",53
"642",1990,"TX",300
"643",1990,"UT",44
"644",1990,"VA",49
"645",1990,"VT",7
"646",1990,"WA",57
"647",1990,"WI",60
"648",1990,"WV",35
"649",1990,"WY",14
"650",1991,"AK",122
"651",1991,"AL",35
"652",1991,"AR",33
"653",1991,"AZ",56
"654",1991,"CA",405
"655",1991,"CO",82
"656",1991,"CT",35
"657",1991,"DE",10
"658",1991,"FL",210
"659",1991,"GA",74
"660",1991,"HI",34
"661",1991,"IA",62
"662",1991,"ID",23
"663",1991,"IL",103
"664",1991,"IN",80
"665",1991,"KS",55
"666",1991,"KY",35
"667",1991,"LA",61
"668",1991,"MA",49
"669",1991,"MD",56
"670",1991,"ME",24
"671",1991,"MI",74
"672",1991,"MN",79
"673",1991,"MO",134
"674",1991,"MS",40
"675",1991,"MT",81
"676",1991,"NC",78
"677",1991,"ND",21
"678",1991,"NE",42
"679",1991,"NH",23
"680",1991,"NJ",59
"681",1991,"NM",47
"682",1991,"NV",51
"683",1991,"NY",259
"684",1991,"OH",137
"685",1991,"OK",61
"686",1991,"OR",59
"687",1991,"PA",139
"688",1991,"RI",7
"689",1991,"SC",43
"690",1991,"SD",28
"691",1991,"TN",60
"692",1991,"TX",328
"693",1991,"UT",47
"694",1991,"VA",39
"695",1991,"VT",3
"696",1991,"WA",67
"697",1991,"WI",61
"698",1991,"WV",45
"699",1991,"WY",12
"700",1992,"AK",89
"701",1992,"AL",33
"702",1992,"AR",40
"703",1992,"AZ",65
"704",1992,"CA",328
"705",1992,"CO",83
"706",1992,"CT",15
"707",1992,"DE",4
"708",1992,"FL",194
"709",1992,"GA",78
"710",1992,"HI",42
"711",1992,"IA",51
"712",1992,"ID",22
"713",1992,"IL",115
"714",1992,"IN",62
"715",1992,"KS",45
"716",1992,"KY",49
"717",1992,"LA",65
"718",1992,"MA",42
"719",1992,"MD",41
"720",1992,"ME",15
"721",1992,"MI",71
"722",1992,"MN",64
"723",1992,"MO",116
"724",1992,"MS",32
"725",1992,"MT",25
"726",1992,"NC",70
"727",1992,"ND",9
"728",1992,"NE",52
"729",1992,"NH",14
"730",1992,"NJ",54
"731",1992,"NM",36
"732",1992,"NV",51
"733",1992,"NY",199
"734",1992,"OH",133
"735",1992,"OK",53
"736",1992,"OR",58
"737",1992,"PA",130
"738",1992,"RI",4
"739",1992,"SC",35
"740",1992,"SD",11
"741",1992,"TN",61
"742",1992,"TX",264
"743",1992,"UT",34
"744",1992,"VA",48
"745",1992,"VT",3
"746",1992,"WA",50
"747",1992,"WI",55
"748",1992,"WV",28
"749",1992,"WY",14
"750",1993,"AK",83
"751",1993,"AL",47
"752",1993,"AR",47
"753",1993,"AZ",48
"754",1993,"CA",279
"755",1993,"CO",70
"756",1993,"CT",20
"757",1993,"DE",8
"758",1993,"FL",174
"759",1993,"GA",60
"760",1993,"HI",28
"761",1993,"IA",28
"762",1993,"ID",31
"763",1993,"IL",87
"764",1993,"IN",53
"765",1993,"KS",42
"766",1993,"KY",38
"767",1993,"LA",63
"768",1993,"MA",26
"769",1993,"MD",35
"770",1993,"ME",14
"771",1993,"MI",66
"772",1993,"MN",46
"773",1993,"MO",87
"774",1993,"MS",24
"775",1993,"MT",29
"776",1993,"NC",55
"777",1993,"ND",11
"778",1993,"NE",29
"779",1993,"NH",13
"780",1993,"NJ",62
"781",1993,"NM",40
"782",1993,"NV",45
"783",1993,"NY",174
"784",1993,"OH",88
"785",1993,"OK",63
"786",1993,"OR",35
"787",1993,"PA",109
"788",1993,"RI",3
"789",1993,"SC",26
"790",1993,"SD",23
"791",1993,"TN",34
"792",1993,"TX",212
"793",1993,"UT",46
"794",1993,"VA",42
"795",1993,"VT",7
"796",1993,"WA",57
"797",1993,"WI",51
"798",1993,"WV",17
"799",1993,"WY",14
"800",1994,"AK",81
"801",1994,"AL",44
"802",1994,"AR",47
"803",1994,"AZ",44
"804",1994,"CA",217
"805",1994,"CO",66
"806",1994,"CT",22
"807",1994,"DE",7
"808",1994,"FL",182
"809",1994,"GA",40
"810",1994,"HI",13
"811",1994,"IA",32
"812",1994,"ID",32
"813",1994,"IL",80
"814",1994,"IN",44
"815",1994,"KS",31
"816",1994,"KY",15
"817",1994,"LA",79
"818",1994,"MA",31
"819",1994,"MD",33
"820",1994,"ME",19
"821",1994,"MI",88
"822",1994,"MN",38
"823",1994,"MO",58
"824",1994,"MS",24
"825",1994,"MT",23
"826",1994,"NC",59
"827",1994,"ND",11
"828",1994,"NE",51
"829",1994,"NH",14
"830",1994,"NJ",46
"831",1994,"NM",34
"832",1994,"NV",44
"833",1994,"NY",188
"834",1994,"OH",80
"835",1994,"OK",57
"836",1994,"OR",41
"837",1994,"PA",99
"838",1994,"RI",3
"839",1994,"SC",24
"840",1994,"SD",14
"841",1994,"TN",54
"842",1994,"TX",210
"843",1994,"UT",41
"844",1994,"VA",44
"845",1994,"VT",5
"846",1994,"WA",35
"847",1994,"WI",39
"848",1994,"WV",17
"849",1994,"WY",17
"850",1995,"AK",63
"851",1995,"AL",45
"852",1995,"AR",62
"853",1995,"AZ",62
"854",1995,"CA",220
"855",1995,"CO",46
"856",1995,"CT",18
"857",1995,"DE",6
"858",1995,"FL",210
"859",1995,"GA",50
"860",1995,"HI",13
"861",1995,"IA",40
"862",1995,"ID",27
"863",1995,"IL",100
"864",1995,"IN",34
"865",1995,"KS",19
"866",1995,"KY",28
"867",1995,"LA",98
"868",1995,"MA",37
"869",1995,"MD",26
"870",1995,"ME",14
"871",1995,"MI",75
"872",1995,"MN",36
"873",1995,"MO",62
"874",1995,"MS",29
"875",1995,"MT",27
"876",1995,"NC",59
"877",1995,"ND",11
"878",1995,"NE",46
"879",1995,"NH",15
"880",1995,"NJ",55
"881",1995,"NM",36
"882",1995,"NV",33
"883",1995,"NY",130
"884",1995,"OH",107
"885",1995,"OK",51
"886",1995,"OR",44
"887",1995,"PA",89
"888",1995,"RI",3
"889",1995,"SC",21
"890",1995,"SD",9
"891",1995,"TN",35
"892",1995,"TX",192
"893",1995,"UT",43
"894",1995,"VA",50
"895",1995,"VT",4
"896",1995,"WA",47
"897",1995,"WI",41
"898",1995,"WV",13
"899",1995,"WY",22
"900",1996,"AK",65
"901",1996,"AL",24
"902",1996,"AR",60
"903",1996,"AZ",65
"904",1996,"CA",219
"905",1996,"CO",62
"906",1996,"CT",20
"907",1996,"DE",6
"908",1996,"FL",182
"909",1996,"GA",57
"910",1996,"HI",22
"911",1996,"IA",33
"912",1996,"ID",27
"913",1996,"IL",88
"914",1996,"IN",40
"915",1996,"KS",45
"916",1996,"KY",15
"917",1996,"LA",40
"918",1996,"MA",32
"919",1996,"MD",15
"920",1996,"ME",10
"921",1996,"MI",80
"922",1996,"MN",29
"923",1996,"MO",97
"924",1996,"MS",14
"925",1996,"MT",19
"926",1996,"NC",38
"927",1996,"ND",13
"928",1996,"NE",56
"929",1996,"NH",17
"930",1996,"NJ",48
"931",1996,"NM",28
"932",1996,"NV",50
"933",1996,"NY",112
"934",1996,"OH",98
"935",1996,"OK",33
"936",1996,"OR",51
"937",1996,"PA",90
"938",1996,"RI",4
"939",1996,"SC",41
"940",1996,"SD",20
"941",1996,"TN",53
"942",1996,"TX",151
"943",1996,"UT",49
"944",1996,"VA",29
"945",1996,"VT",5
"946",1996,"WA",46
"947",1996,"WI",36
"948",1996,"WV",15
"949",1996,"WY",16
"950",1997,"AK",52
"951",1997,"AL",31
"952",1997,"AR",39
"953",1997,"AZ",71
"954",1997,"CA",221
"955",1997,"CO",48
"956",1997,"CT",10
"957",1997,"DE",3
"958",1997,"FL",203
"959",1997,"GA",27
"960",1997,"HI",13
"961",1997,"IA",27
"962",1997,"ID",30
"963",1997,"IL",58
"964",1997,"IN",51
"965",1997,"KS",20
"966",1997,"KY",21
"967",1997,"LA",40
"968",1997,"MA",31
"969",1997,"MD",23
"970",1997,"ME",16
"971",1997,"MI",53
"972",1997,"MN",49
"973",1997,"MO",69
"974",1997,"MS",17
"975",1997,"MT",14
"976",1997,"NC",32
"977",1997,"ND",12
"978",1997,"NE",51
"979",1997,"NH",12
"980",1997,"NJ",55
"981",1997,"NM",39
"982",1997,"NV",42
"983",1997,"NY",139
"984",1997,"OH",123
"985",1997,"OK",34
"986",1997,"OR",31
"987",1997,"PA",84
"988",1997,"RI",4
"989",1997,"SC",29
"990",1997,"SD",16
"991",1997,"TN",37
"992",1997,"TX",201
"993",1997,"UT",42
"994",1997,"VA",40
"995",1997,"VT",4
"996",1997,"WA",33
"997",1997,"WI",34
"998",1997,"WV",14
"999",1997,"WY",10
"1000",1998,"AK",57
"1001",1998,"AL",23
"1002",1998,"AR",36
"1003",1998,"AZ",77
"1004",1998,"CA",218
"1005",1998,"CO",45
"1006",1998,"CT",2
"1007",1998,"DE",6
"1008",1998,"FL",78
"1009",1998,"GA",2
"1010",1998,"HI",28
"1011",1998,"IA",26
"1012",1998,"ID",24
"1013",1998,"IL",90
"1014",1998,"IN",62
"1015",1998,"KS",34
"1016",1998,"KY",8
"1017",1998,"LA",33
"1018",1998,"MA",37
"1019",1998,"MD",23
"1020",1998,"ME",1
"1021",1998,"MI",61
"1022",1998,"MN",45
"1023",1998,"MO",79
"1024",1998,"MS",27
"1025",1998,"MT",36
"1026",1998,"NC",46
"1027",1998,"ND",14
"1028",1998,"NE",44
"1029",1998,"NJ",46
"1030",1998,"NM",41
"1031",1998,"NV",34
"1032",1998,"NY",130
"1033",1998,"OH",112
"1034",1998,"OK",30
"1035",1998,"OR",32
"1036",1998,"PA",97
"1037",1998,"RI",4
"1038",1998,"SC",1
"1039",1998,"SD",12
"1040",1998,"TN",25
"1041",1998,"TX",172
"1042",1998,"UT",30
"1043",1998,"VA",44
"1044",1998,"WA",50
"1045",1998,"WI",38
"1046",1998,"WV",12
"1047",1998,"WY",7
"1048",1999,"AK",49
"1049",1999,"AL",23
"1050",1999,"AR",34
"1051",1999,"AZ",50
"1052",1999,"CA",263
"1053",1999,"CO",69
"1054",1999,"CT",2
"1055",1999,"DE",2
"1056",1999,"FL",177
"1057",1999,"GA",46
"1058",1999,"HI",15
"1059",1999,"IA",26
"1060",1999,"ID",19
"1061",1999,"IL",79
"1062",1999,"IN",72
"1063",1999,"KS",38
"1064",1999,"KY",34
"1065",1999,"LA",34
"1066",1999,"MA",25
"1067",1999,"MD",17
"1068",1999,"MI",85
"1069",1999,"MN",78
"1070",1999,"MO",88
"1071",1999,"MS",15
"1072",1999,"MT",22
"1073",1999,"NC",46
"1074",1999,"ND",12
"1075",1999,"NE",48
"1076",1999,"NJ",50
"1077",1999,"NM",44
"1078",1999,"NV",46
"1079",1999,"NY",153
"1080",1999,"OH",93
"1081",1999,"OK",22
"1082",1999,"OR",30
"1083",1999,"PA",95
"1084",1999,"RI",6
"1085",1999,"SC",22
"1086",1999,"SD",17
"1087",1999,"TN",31
"1088",1999,"TX",143
"1089",1999,"UT",31
"1090",1999,"VA",43
"1091",1999,"WA",51
"1092",1999,"WI",32
"1093",1999,"WV",17
"1094",1999,"WY",9
"1095",2000,"AK",65
"1096",2000,"AL",31
"1097",2000,"AR",12
"1098",2000,"AZ",65
"1099",2000,"CA",230
"1100",2000,"CO",40
"1101",2000,"CT",8
"1102",2000,"DE",4
"1103",2000,"FL",184
"1104",2000,"GA",40
"1105",2000,"HI",19
"1106",2000,"IA",38
"1107",2000,"ID",22
"1108",2000,"IL",69
"1109",2000,"IN",57
"1110",2000,"KS",51
"1111",2000,"KY",21
"1112",2000,"LA",26
"1113",2000,"MA",24
"1114",2000,"MD",23
"1115",2000,"ME",3
"1116",2000,"MI",58
"1117",2000,"MN",57
"1118",2000,"MO",95
"1119",2000,"MS",14
"1120",2000,"MT",31
"1121",2000,"NC",42
"1122",2000,"ND",17
"1123",2000,"NE",56
"1124",2000,"NH",6
"1125",2000,"NJ",41
"1126",2000,"NM",25
"1127",2000,"NV",49
"1128",2000,"NY",149
"1129",2000,"OH",47
"1130",2000,"OK",18
"1131",2000,"OR",40
"1132",2000,"PA",144
"1133",2000,"RI",2
"1134",2000,"SC",29
"1135",2000,"SD",9
"1136",2000,"TN",35
"1137",2000,"TX",107
"1138",2000,"UT",34
"1139",2000,"VA",37
"1140",2000,"WA",63
"1141",2000,"WI",35
"1142",2000,"WV",5
"1143",2000,"WY",13
"1144",2001,"AK",60
"1145",2001,"AL",35
"1146",2001,"AR",19
"1147",2001,"AZ",70
"1148",2001,"CA",188
"1149",2001,"CO",45
"1150",2001,"CT",14
"1151",2001,"DE",5
"1152",2001,"FL",160
"1153",2001,"GA",45
"1154",2001,"HI",12
"1155",2001,"IA",21
"1156",2001,"ID",15
"1157",2001,"IL",66
"1158",2001,"IN",48
"1159",2001,"KS",44
"1160",2001,"KY",15
"1161",2001,"LA",23
"1162",2001,"MA",32
"1163",2001,"MD",16
"1164",2001,"ME",13
"1165",2001,"MI",66
"1166",2001,"MN",42
"1167",2001,"MO",70
"1168",2001,"MS",24
"1169",2001,"MT",21
"1170",2001,"NC",36
"1171",2001,"ND",12
"1172",2001,"NE",37
"1173",2001,"NH",12
"1174",2001,"NJ",66
"1175",2001,"NM",17
"1176",2001,"NV",32
"1177",2001,"NY",101
"1178",2001,"OH",67
"1179",2001,"OK",26
"1180",2001,"OR",26
"1181",2001,"PA",144
"1182",2001,"RI",4
"1183",2001,"SC",19
"1184",2001,"SD",9
"1185",2001,"TN",25
"1186",2001,"TX",100
"1187",2001,"UT",45
"1188",2001,"VA",37
"1189",2001,"VT",1
"1190",2001,"WA",36
"1191",2001,"WI",32
"1192",2001,"WV",14
"1193",2001,"WY",7
"1194",2002,"AK",68
"1195",2002,"AL",31
"1196",2002,"AR",38
"1197",2002,"AZ",63
"1198",2002,"CA",162
"1199",2002,"CO",54
"1200",2002,"CT",12
"1201",2002,"DE",2
"1202",2002,"FL",171
"1203",2002,"GA",46
"1204",2002,"HI",17
"1205",2002,"IA",20
"1206",2002,"ID",24
"1207",2002,"IL",65
"1208",2002,"IN",49
"1209",2002,"KS",40
"1210",2002,"KY",17
"1211",2002,"LA",37
"1212",2002,"MA",32
"1213",2002,"MD",21
"1214",2002,"ME",11
"1215",2002,"MI",50
"1216",2002,"MN",32
"1217",2002,"MO",53
"1218",2002,"MS",18
"1219",2002,"MT",18
"1220",2002,"NC",41
"1221",2002,"ND",9
"1222",2002,"NE",43
"1223",2002,"NH",6
"1224",2002,"NJ",34
"1225",2002,"NM",19
"1226",2002,"NV",24
"1227",2002,"NY",88
"1228",2002,"OH",48
"1229",2002,"OK",30
"1230",2002,"OR",29
"1231",2002,"PA",87
"1232",2002,"RI",2
"1233",2002,"SC",29
"1234",2002,"SD",11
"1235",2002,"TN",29
"1236",2002,"TX",128
"1237",2002,"UT",25
"1238",2002,"VA",40
"1239",2002,"VT",2
"1240",2002,"WA",51
"1241",2002,"WI",34
"1242",2002,"WV",7
"1243",2002,"WY",14
"1244",2003,"AK",41
"1245",2003,"AL",26
"1246",2003,"AR",30
"1247",2003,"AZ",55
"1248",2003,"CA",153
"1249",2003,"CO",43
"1250",2003,"CT",15
"1251",2003,"DE",1
"1252",2003,"FL",165
"1253",2003,"GA",60
"1254",2003,"HI",11
"1255",2003,"IA",12
"1256",2003,"ID",18
"1257",2003,"IL",64
"1258",2003,"IN",54
"1259",2003,"KS",41
"1260",2003,"KY",15
"1261",2003,"LA",31
"1262",2003,"MA",38
"1263",2003,"MD",17
"1264",2003,"ME",10
"1265",2003,"MI",46
"1266",2003,"MN",38
"1267",2003,"MO",43
"1268",2003,"MS",11
"1269",2003,"MT",12
"1270",2003,"NC",45
"1271",2003,"ND",6
"1272",2003,"NE",29
"1273",2003,"NH",3
"1274",2003,"NJ",39
"1275",2003,"NM",25
"1276",2003,"NV",36
"1277",2003,"NY",76
"1278",2003,"OH",58
"1279",2003,"OK",26
"1280",2003,"OR",28
"1281",2003,"PA",79
"1282",2003,"RI",7
"1283",2003,"SC",25
"1284",2003,"SD",8
"1285",2003,"TN",31
"1286",2003,"TX",118
"1287",2003,"UT",27
"1288",2003,"VA",40
"1289",2003,"VT",2
"1290",2003,"WA",47
"1291",2003,"WI",30
"1292",2003,"WV",11
"1293",2003,"WY",8
"1294",2004,"AK",51
"1295",2004,"AL",25
"1296",2004,"AR",26
"1297",2004,"AZ",72
"1298",2004,"CA",211
"1299",2004,"CO",56
"1300",2004,"CT",11
"1301",2004,"DE",1
"1302",2004,"FL",127
"1303",2004,"GA",18
"1304",2004,"HI",17
"1305",2004,"IA",16
"1306",2004,"ID",20
"1307",2004,"IL",65
"1308",2004,"IN",58
"1309",2004,"KS",36
"1310",2004,"KY",26
"1311",2004,"LA",28
"1312",2004,"MA",27
"1313",2004,"MD",13
"1314",2004,"ME",10
"1315",2004,"MI",48
"1316",2004,"MN",36
"1317",2004,"MO",48
"1318",2004,"MS",12
"1319",2004,"MT",16
"1320",2004,"NC",34
"1321",2004,"ND",5
"1322",2004,"NE",24
"1323",2004,"NH",4
"1324",2004,"NJ",25
"1325",2004,"NM",33
"1326",2004,"NV",28
"1327",2004,"NY",65
"1328",2004,"OH",76
"1329",2004,"OK",35
"1330",2004,"OR",23
"1331",2004,"PA",68
"1332",2004,"RI",4
"1333",2004,"SC",21
"1334",2004,"SD",12
"1335",2004,"TN",12
"1336",2004,"TX",103
"1337",2004,"UT",22
"1338",2004,"VA",36
"1339",2004,"VT",3
"1340",2004,"WA",44
"1341",2004,"WI",29
"1342",2004,"WV",7
"1343",2004,"WY",15
"1344",2005,"AK",47
"1345",2005,"AL",15
"1346",2005,"AR",18
"1347",2005,"AZ",63
"1348",2005,"CA",162
"1349",2005,"CO",39
"1350",2005,"CT",11
"1351",2005,"DE",2
"1352",2005,"FL",141
"1353",2005,"GA",38
"1354",2005,"HI",10
"1355",2005,"IA",13
"1356",2005,"ID",13
"1357",2005,"IL",52
"1358",2005,"IN",42
"1359",2005,"KS",28
"1360",2005,"KY",15
"1361",2005,"LA",34
"1362",2005,"MA",24
"1363",2005,"MD",15
"1364",2005,"ME",7
"1365",2005,"MI",43
"1366",2005,"MN",37
"1367",2005,"MO",41
"1368",2005,"MS",14
"1369",2005,"MT",13
"1370",2005,"NC",41
"1371",2005,"ND",7
"1372",2005,"NE",50
"1373",2005,"NH",6
"1374",2005,"NJ",29
"1375",2005,"NM",31
"1376",2005,"NV",18
"1377",2005,"NY",51
"1378",2005,"OH",46
"1379",2005,"OK",26
"1380",2005,"OR",15
"1381",2005,"PA",53
"1382",2005,"RI",2
"1383",2005,"SC",26
"1384",2005,"SD",8
"1385",2005,"TN",20
"1386",2005,"TX",114
"1387",2005,"UT",21
"1388",2005,"VA",30
"1389",2005,"VT",2
"1390",2005,"WA",27
"1391",2005,"WI",32
"1392",2005,"WV",8
"1393",2005,"WY",11
"1394",2006,"AK",44
"1395",2006,"AL",12
"1396",2006,"AR",12
"1397",2006,"AZ",73
"1398",2006,"CA",154
"1399",2006,"CO",41
"1400",2006,"CT",11
"1401",2006,"DE",1
"1402",2006,"FL",108
"1403",2006,"GA",27
"1404",2006,"HI",6
"1405",2006,"IA",12
"1406",2006,"ID",15
"1407",2006,"IL",60
"1408",2006,"IN",34
"1409",2006,"KS",39
"1410",2006,"KY",12
"1411",2006,"LA",29
"1412",2006,"MA",29
"1413",2006,"MD",14
"1414",2006,"ME",5
"1415",2006,"MI",48
"1416",2006,"MN",33
"1417",2006,"MO",41
"1418",2006,"MS",11
"1419",2006,"MT",18
"1420",2006,"NC",36
"1421",2006,"ND",12
"1422",2006,"NE",33
"1423",2006,"NH",3
"1424",2006,"NJ",33
"1425",2006,"NM",21
"1426",2006,"NV",28
"1427",2006,"NY",37
"1428",2006,"OH",39
"1429",2006,"OK",25
"1430",2006,"OR",19
"1431",2006,"PA",55
"1432",2006,"SC",24
"1433",2006,"SD",13
"1434",2006,"TN",25
"1435",2006,"TX",96
"1436",2006,"UT",16
"1437",2006,"VA",24
"1438",2006,"VT",2
"1439",2006,"WA",37
"1440",2006,"WI",30
"1441",2006,"WV",8
"1442",2006,"WY",2
"1443",2007,"AK",50
"1444",2007,"AL",19
"1445",2007,"AR",22
"1446",2007,"AZ",65
"1447",2007,"CA",192
"1448",2007,"CO",49
"1449",2007,"CT",14
"1450",2007,"DE",3
"1451",2007,"FL",131
"1452",2007,"GA",40
"1453",2007,"HI",7
"1454",2007,"IA",27
"1455",2007,"ID",23
"1456",2007,"IL",49
"1457",2007,"IN",29
"1458",2007,"KS",36
"1459",2007,"KY",12
"1460",2007,"LA",14
"1461",2007,"MA",27
"1462",2007,"MD",22
"1463",2007,"ME",13
"1464",2007,"MI",36
"1465",2007,"MN",30
"1466",2007,"MO",28
"1467",2007,"MS",5
"1468",2007,"MT",8
"1469",2007,"NC",28
"1470",2007,"ND",8
"1471",2007,"NE",44
"1472",2007,"NH",6
"1473",2007,"NJ",29
"1474",2007,"NM",22
"1475",2007,"NV",28
"1476",2007,"NY",32
"1477",2007,"OH",37
"1478",2007,"OK",20
"1479",2007,"OR",12
"1480",2007,"PA",56
"1481",2007,"RI",9
"1482",2007,"SC",15
"1483",2007,"SD",11
"1484",2007,"TN",26
"1485",2007,"TX",94
"1486",2007,"UT",25
"1487",2007,"VA",30
"1488",2007,"VT",3
"1489",2007,"WA",27
"1490",2007,"WI",34
"1491",2007,"WV",5
"1492",2007,"WY",6
"1493",2008,"AK",39
"1494",2008,"AL",16
"1495",2008,"AR",22
"1496",2008,"AZ",71
"1497",2008,"CA",171
"1498",2008,"CO",38
"1499",2008,"CT",12
"1500",2008,"DE",1
"1501",2008,"FL",161
"1502",2008,"GA",34
"1503",2008,"HI",13
"1504",2008,"IA",13
"1505",2008,"ID",19
"1506",2008,"IL",62
"1507",2008,"IN",38
"1508",2008,"KS",46
"1509",2008,"KY",31
"1510",2008,"LA",12
"1511",2008,"MA",27
"1512",2008,"MD",10
"1513",2008,"ME",6
"1514",2008,"MI",31
"1515",2008,"MN",33
"1516",2008,"MO",26
"1517",2008,"MS",15
"1518",2008,"MT",14
"1519",2008,"NC",24
"1520",2008,"ND",11
"1521",2008,"NE",38
"1522",2008,"NH",6
"1523",2008,"NJ",26
"1524",2008,"NM",12
"1525",2008,"NV",32
"1526",2008,"NY",27
"1527",2008,"OH",39
"1528",2008,"OK",28
"1529",2008,"OR",26
"1530",2008,"PA",57
"1531",2008,"RI",1
"1532",2008,"SC",19
"1533",2008,"SD",7
"1534",2008,"TN",18
"1535",2008,"TX",123
"1536",2008,"UT",24
"1537",2008,"VA",26
"1538",2008,"VT",3
"1539",2008,"WA",47
"1540",2008,"WI",37
"1541",2008,"WV",8
"1542",2008,"WY",5
"1543",2009,"AK",59
"1544",2009,"AL",21
"1545",2009,"AR",15
"1546",2009,"AZ",36
"1547",2009,"CA",158
"1548",2009,"CO",41
"1549",2009,"CT",10
"1550",2009,"DE",3
"1551",2009,"FL",139
"1552",2009,"GA",48
"1553",2009,"HI",13
"1554",2009,"IA",11
"1555",2009,"ID",16
"1556",2009,"IL",29
"1557",2009,"IN",19
"1558",2009,"KS",35
"1559",2009,"KY",17
"1560",2009,"LA",16
"1561",2009,"MA",27
"1562",2009,"MD",12
"1563",2009,"ME",8
"1564",2009,"MI",20
"1565",2009,"MN",24
"1566",2009,"MO",28
"1567",2009,"MS",8
"1568",2009,"MT",10
"1569",2009,"NC",23
"1570",2009,"ND",8
"1571",2009,"NE",45
"1572",2009,"NH",5
"1573",2009,"NJ",27
"1574",2009,"NM",24
"1575",2009,"NV",20
"1576",2009,"NY",22
"1577",2009,"OH",34
"1578",2009,"OK",12
"1579",2009,"OR",22
"1580",2009,"PA",43
"1581",2009,"RI",7
"1582",2009,"SC",10
"1583",2009,"SD",10
"1584",2009,"TN",17
"1585",2009,"TX",91
"1586",2009,"UT",25
"1587",2009,"VA",20
"1588",2009,"VT",2
"1589",2009,"WA",29
"1590",2009,"WI",15
"1591",2009,"WV",3
"1592",2009,"WY",5
"1593",2010,"AK",44
"1594",2010,"AL",27
"1595",2010,"AR",19
"1596",2010,"AZ",38
"1597",2010,"CA",155
"1598",2010,"CO",33
"1599",2010,"CT",15
"1600",2010,"DE",1
"1601",2010,"FL",138
"1602",2010,"GA",47
"1603",2010,"HI",9
"1604",2010,"IA",16
"1605",2010,"ID",14
"1606",2010,"IL",38
"1607",2010,"IN",32
"1608",2010,"KS",21
"1609",2010,"KY",17
"1610",2010,"LA",14
"1611",2010,"MA",26
"1612",2010,"MD",9
"1613",2010,"ME",11
"1614",2010,"MI",36
"1615",2010,"MN",34
"1616",2010,"MO",26
"1617",2010,"MS",11
"1618",2010,"MT",9
"1619",2010,"NC",26
"1620",2010,"ND",6
"1621",2010,"NE",37
"1622",2010,"NH",6
"1623",2010,"NJ",30
"1624",2010,"NM",12
"1625",2010,"NV",25
"1626",2010,"NY",39
"1627",2010,"OH",42
"1628",2010,"OK",21
"1629",2010,"OR",27
"1630",2010,"PA",46
"1631",2010,"RI",8
"1632",2010,"SC",17
"1633",2010,"SD",8
"1634",2010,"TN",29
"1635",2010,"TX",110
"1636",2010,"UT",16
"1637",2010,"VA",32
"1638",2010,"VT",4
"1639",2010,"WA",29
"1640",2010,"WI",29
"1641",2010,"WV",6
"1642",2010,"WY",9
"1643",2011,"AK",45
"1644",2011,"AL",19
"1645",2011,"AR",10
"1646",2011,"AZ",61
"1647",2011,"CA",170
"1648",2011,"CO",29
"1649",2011,"CT",11
"1650",2011,"FL",153
"1651",2011,"GA",30
"1652",2011,"HI",9
"1653",2011,"IA",13
"1654",2011,"ID",10
"1655",2011,"IL",35
"1656",2011,"IN",24
"1657",2011,"KS",24
"1658",2011,"KY",9
"1659",2011,"LA",31
"1660",2011,"MA",14
"1661",2011,"MD",15
"1662",2011,"ME",10
"1663",2011,"MI",34
"1664",2011,"MN",16
"1665",2011,"MO",29
"1666",2011,"MS",8
"1667",2011,"MT",7
"1668",2011,"NC",31
"1669",2011,"ND",19
"1670",2011,"NE",24
"1671",2011,"NH",6
"1672",2011,"NJ",24
"1673",2011,"NM",18
"1674",2011,"NV",19
"1675",2011,"NY",31
"1676",2011,"OH",31
"1677",2011,"OK",19
"1678",2011,"OR",28
"1679",2011,"PA",41
"1680",2011,"RI",3
"1681",2011,"SC",19
"1682",2011,"SD",7
"1683",2011,"TN",26
"1684",2011,"TX",101
"1685",2011,"UT",17
"1686",2011,"VA",33
"1687",2011,"VT",2
"1688",2011,"WA",29
"1689",2011,"WI",26
"1690",2011,"WV",7
"1691",2011,"WY",4
"1692",2012,"AK",76
"1693",2012,"AL",14
"1694",2012,"AR",20
"1695",2012,"AZ",65
"1696",2012,"CA",132
"1697",2012,"CO",40
"1698",2012,"CT",13
"1699",2012,"DE",3
"1700",2012,"FL",150
"1701",2012,"GA",26
"1702",2012,"HI",7
"1703",2012,"IA",19
"1704",2012,"ID",15
"1705",2012,"IL",40
"1706",2012,"IN",27
"1707",2012,"KS",22
"1708",2012,"KY",7
"1709",2012,"LA",12
"1710",2012,"MA",21
"1711",2012,"MD",13
"1712",2012,"ME",3
"1713",2012,"MI",44
"1714",2012,"MN",29
"1715",2012,"MO",22
"1716",2012,"MS",11
"1717",2012,"MT",8
"1718",2012,"NC",31
"1719",2012,"ND",10
"1720",2012,"NE",31
"1721",2012,"NH",3
"1722",2012,"NJ",29
"1723",2012,"NM",15
"1724",2012,"NV",19
"1725",2012,"NY",27
"1726",2012,"OH",21
"1727",2012,"OK",18
"1728",2012,"OR",19
"1729",2012,"PA",29
"1730",2012,"RI",8
"1731",2012,"SC",18
"1732",2012,"SD",7
"1733",2012,"TN",23
"1734",2012,"TX",102
"1735",2012,"UT",16
"1736",2012,"VA",22
"1737",2012,"VT",2
"1738",2012,"WA",30
"1739",2012,"WI",33
"1740",2012,"WV",7
"1741",2012,"WY",6
"1742",2013,"AK",50
"1743",2013,"AL",20
"1744",2013,"AR",19
"1745",2013,"AZ",85
"1746",2013,"CA",154
"1747",2013,"CO",26
"1748",2013,"CT",12
"1749",2013,"DE",3
"1750",2013,"FL",167
"1751",2013,"GA",28
"1752",2013,"HI",8
"1753",2013,"IA",13
"1754",2013,"ID",5
"1755",2013,"IL",30
"1756",2013,"IN",22
"1757",2013,"KS",21
"1758",2013,"KY",14
"1759",2013,"LA",17
"1760",2013,"MA",19
"1761",2013,"MD",13
"1762",2013,"ME",4
"1763",2013,"MI",32
"1764",2013,"MN",30
"1765",2013,"MO",15
"1766",2013,"MS",10
"1767",2013,"MT",6
"1768",2013,"NC",33
"1769",2013,"ND",9
"1770",2013,"NE",27
"1771",2013,"NH",9
"1772",2013,"NJ",22
"1773",2013,"NM",18
"1774",2013,"NV",13
"1775",2013,"NY",14
"1776",2013,"OH",26
"1777",2013,"OK",27
"1778",2013,"OR",13
"1779",2013,"PA",25
"1780",2013,"RI",2
"1781",2013,"SC",23
"1782",2013,"SD",5
"1783",2013,"TN",13
"1784",2013,"TX",96
"1785",2013,"UT",19
"1786",2013,"VA",29
"1787",2013,"VT",1
"1788",2013,"WA",25
"1789",2013,"WI",17
"1790",2013,"WV",8
"1791",2013,"WY",2
"1792",2014,"AK",51
"1793",2014,"AL",15
"1794",2014,"AR",18
"1795",2014,"AZ",46
"1796",2014,"CA",138
"1797",2014,"CO",23
"1798",2014,"CT",15
"1799",2014,"DE",3
"1800",2014,"FL",129
"1801",2014,"GA",23
"1802",2014,"HI",8
"1803",2014,"IA",12
"1804",2014,"ID",18
"1805",2014,"IL",34
"1806",2014,"IN",27
"1807",2014,"KS",24
"1808",2014,"KY",7
"1809",2014,"LA",21
"1810",2014,"MA",21
"1811",2014,"MD",14
"1812",2014,"ME",7
"1813",2014,"MI",22
"1814",2014,"MN",22
"1815",2014,"MO",16
"1816",2014,"MS",3
"1817",2014,"MT",8
"1818",2014,"NC",23
"1819",2014,"ND",10
"1820",2014,"NE",13
"1821",2014,"NH",4
"1822",2014,"NJ",22
"1823",2014,"NM",13
"1824",2014,"NV",9
"1825",2014,"NY",28
"1826",2014,"OH",22
"1827",2014,"OK",23
"1828",2014,"OR",4
"1829",2014,"PA",26
"1830",2014,"RI",3
"1831",2014,"SC",21
"1832",2014,"SD",3
"1833",2014,"TN",23
"1834",2014,"TX",102
"1835",2014,"UT",16
"1836",2014,"VA",19
"1837",2014,"VT",5
"1838",2014,"WA",19
"1839",2014,"WI",16
"1840",2014,"WV",2
"1841",2014,"WY",5
"1842",2015,"AK",43
"1843",2015,"AL",9
"1844",2015,"AR",17
"1845",2015,"AZ",47
"1846",2015,"CA",168
"1847",2015,"CO",42
"1848",2015,"CT",5
"1849",2015,"DE",2
"1850",2015,"FL",119
"1851",2015,"GA",28
"1852",2015,"HI",4
"1853",2015,"IA",6
"1854",2015,"ID",10
"1855",2015,"IL",32
"1856",2015,"IN",16
"1857",2015,"KS",18
"1858",2015,"KY",11
"1859",2015,"LA",12
"1860",2015,"MA",11
"1861",2015,"MD",8
"1862",2015,"ME",6
"1863",2015,"MI",19
"1864",2015,"MN",20
"1865",2015,"MO",18
"1866",2015,"MS",12
"1867",2015,"MT",9
"1868",2015,"NC",21
"1869",2015,"ND",12
"1870",2015,"NE",12
"1871",2015,"NH",2
"1872",2015,"NJ",19
"1873",2015,"NM",11
"1874",2015,"NV",9
"1875",2015,"NY",28
"1876",2015,"OH",35
"1877",2015,"OK",11
"1878",2015,"OR",14
"1879",2015,"PA",28
"1880",2015,"RI",5
"1881",2015,"SC",16
"1882",2015,"SD",4
"1883",2015,"TN",14
"1884",2015,"TX",104
"1885",2015,"UT",10
"1886",2015,"VA",15
"1887",2015,"VT",8
"1888",2015,"WA",32
"1889",2015,"WI",23
"1890",2015,"WV",3
"1891",2015,"WY",8
"1892",2016,"AK",38
"1893",2016,"AL",10
"1894",2016,"AR",21
"1895",2016,"AZ",32
"1896",2016,"CA",162
"1897",2016,"CO",29
"1898",2016,"CT",10
"1899",2016,"DE",2
"1900",2016,"FL",163
"1901",2016,"GA",29
"1902",2016,"HI",8
"1903",2016,"IA",11
"1904",2016,"ID",6
"1905",2016,"IL",30
"1906",2016,"IN",19
"1907",2016,"KS",21
"1908",2016,"KY",5
"1909",2016,"LA",25
"1910",2016,"MA",21
"1911",2016,"MD",11
"1912",2016,"ME",5
"1913",2016,"MI",19
"1914",2016,"MN",19
"1915",2016,"MO",30
"1916",2016,"MS",6
"1917",2016,"MT",9
"1918",2016,"NC",31
"1919",2016,"ND",6
"1920",2016,"NE",11
"1921",2016,"NH",5
"1922",2016,"NJ",15
"1923",2016,"NM",24
"1924",2016,"NV",22
"1925",2016,"NY",18
"1926",2016,"OH",19
"1927",2016,"OK",19
"1928",2016,"OR",14
"1929",2016,"PA",20
"1930",2016,"RI",1
"1931",2016,"SC",23
"1932",2016,"SD",5
"1933",2016,"TN",26
"1934",2016,"TX",110
"1935",2016,"UT",14
"1936",2016,"VA",28
"1937",2016,"VT",2
"1938",2016,"WA",24
"1939",2016,"WI",26
"1940",2016,"WV",4
"1941",2016,"WY",3
"1942",2017,"AK",42
"1943",2017,"AL",18
"1944",2017,"AR",16
"1945",2017,"AZ",37
"1946",2017,"CA",118
"1947",2017,"CO",48
"1948",2017,"CT",5
"1949",2017,"DE",1
"1950",2017,"FL",174
"1951",2017,"GA",23
"1952",2017,"HI",4
"1953",2017,"IA",14
"1954",2017,"ID",10
"1955",2017,"IL",31
"1956",2017,"IN",14
"1957",2017,"KS",10
"1958",2017,"KY",10
"1959",2017,"LA",22
"1960",2017,"MA",14
"1961",2017,"MD",11
"1962",2017,"ME",7
"1963",2017,"MI",28
"1964",2017,"MN",14
"1965",2017,"MO",21
"1966",2017,"MS",4
"1967",2017,"MT",8
"1968",2017,"NC",30
"1969",2017,"ND",4
"1970",2017,"NE",10
"1971",2017,"NH",9
"1972",2017,"NJ",19
"1973",2017,"NM",20
"1974",2017,"NV",13
"1975",2017,"NY",31
"1976",2017,"OH",28
"1977",2017,"OK",17
"1978",2017,"OR",24
"1979",2017,"PA",23
"1980",2017,"RI",1
"1981",2017,"SC",8
"1982",2017,"SD",3
"1983",2017,"TN",18
"1984",2017,"TX",105
"1985",2017,"UT",17
"1986",2017,"VA",22
"1987",2017,"WA",24
"1988",2017,"WI",30
"1989",2017,"WV",2
"1990",2017,"WY",7
"1991",2018,"AK",14
"1992",2018,"AL",6
"1993",2018,"AR",5
"1994",2018,"AZ",14
"1995",2018,"CA",40
"1996",2018,"CO",15
"1997",2018,"CT",2
"1998",2018,"FL",84
"1999",2018,"GA",8
"2000",2018,"HI",5
"2001",2018,"IA",4
"2002",2018,"ID",3
"2003",2018,"IL",10
"2004",2018,"IN",17
"2005",2018,"KS",6
"2006",2018,"KY",7
"2007",2018,"LA",8
"2008",2018,"MA",11
"2009",2018,"MD",6
"2010",2018,"ME",2
"2011",2018,"MI",21
"2012",2018,"MN",9
"2013",2018,"MO",9
"2014",2018,"MS",1
"2015",2018,"MT",3
"2016",2018,"NC",13
"2017",2018,"ND",6
"2018",2018,"NE",2
"2019",2018,"NH",3
"2020",2018,"NJ",7
"2021",2018,"NM",3
"2022",2018,"NV",4
"2023",2018,"NY",12
"2024",2018,"OH",8
"2025",2018,"OK",6
"2026",2018,"OR",14
"2027",2018,"PA",9
"2028",2018,"RI",1
"2029",2018,"SC",12
"2030",2018,"SD",2
"2031",2018,"TN",9
"2032",2018,"TX",35
"2033",2018,"UT",1
"2034",2018,"VA",3
"2035",2018,"VT",1
"2036",2018,"WA",9
"2037",2018,"WI",5
"2038",2018,"WV",1
"2039",2018,"WY",1
